elapsed_s,power_w,gpu_use_pct,vram_used_mb,vram_total_mb
0.0,53.067,100.0,1977.53515625,32768.0
0.359,56.094,100.0,1989.53515625,32768.0
0.719,76.088,100.0,1993.76953125,32768.0
1.093,85.092,100.0,2001.734375,32768.0
1.454,94.069,100.0,2013.78515625,32768.0
1.865,103.055,99.0,2025.76953125,32768.0
2.229,120.003,100.0,2033.7578125,32768.0
2.704,128.04,100.0,2045.76953125,32768.0
3.09,132.021,99.0,2053.7421875,32768.0
3.458,114.093,100.0,2065.953125,32768.0
3.815,101.084,100.0,2074.13671875,32768.0
4.176,93.016,100.0,2086.13671875,32768.0
4.54,88.023,100.0,2098.13671875,32768.0
4.902,81.048,100.0,2110.13671875,32768.0
5.261,81.014,100.0,2122.13671875,32768.0
5.619,77.096,100.0,2134.125,32768.0
5.978,76.047,100.0,2142.109375,32768.0
6.345,77.046,100.0,2154.1015625,32768.0
6.705,73.04,100.0,2166.09765625,32768.0
7.067,87.046,100.0,2178.0859375,32768.0
7.432,99.044,100.0,2150.06640625,32768.0
7.798,107.03,99.0,1718.12890625,32768.0
8.17,114.007,99.0,1730.1328125,32768.0
8.54,115.077,99.0,1742.125,32768.0
8.932,127.064,100.0,1763.734375,32768.0
9.425,133.087,100.0,1775.7578125,32768.0
9.833,137.084,100.0,1787.7578125,32768.0
10.294,135.035,100.0,1799.7578125,32768.0
10.661,131.006,100.0,1811.7578125,32768.0
11.063,136.012,99.0,1823.7421875,32768.0
11.498,139.061,99.0,1839.75,32768.0
11.902,141.016,99.0,1847.7421875,32768.0
12.381,142.016,99.0,1863.7421875,32768.0
12.837,142.037,99.0,1875.7421875,32768.0
13.229,142.051,99.0,1891.7421875,32768.0
13.716,142.062,99.0,1907.73046875,32768.0
14.188,142.089,99.0,1915.734375,32768.0
14.576,142.029,99.0,1931.73046875,32768.0
14.966,140.094,99.0,1943.73046875,32768.0
15.354,138.068,99.0,1955.73046875,32768.0
15.719,120.055,99.0,1967.6953125,32768.0
16.082,110.058,100.0,1983.859375,32768.0
16.449,100.061,100.0,1991.92578125,32768.0
16.807,92.065,100.0,2003.9765625,32768.0
17.165,87.027,100.0,2016.12109375,32768.0
17.529,80.049,100.0,2028.11328125,32768.0
17.889,75.04,100.0,2040.11328125,32768.0
18.252,72.026,100.0,2052.1171875,32768.0
18.615,72.086,100.0,2060.12890625,32768.0
18.982,74.039,100.0,2068.1328125,32768.0
19.347,74.023,100.0,2080.1328125,32768.0
19.712,74.073,100.0,2092.12890625,32768.0
20.075,72.075,100.0,2104.12890625,32768.0
20.435,69.075,100.0,2116.12890625,32768.0
20.795,67.066,100.0,2124.11328125,32768.0
21.154,67.054,100.0,2136.1171875,32768.0
21.517,71.076,100.0,2144.11328125,32768.0
21.882,73.012,100.0,2160.109375,32768.0
22.243,75.01,100.0,2168.1015625,32768.0
22.603,75.086,100.0,1444.1796875,32768.0
22.976,80.064,100.0,1456.17578125,32768.0
23.34,80.05,100.0,1468.1796875,32768.0
23.702,77.01,100.0,1480.1796875,32768.0
24.063,76.034,100.0,1488.1796875,32768.0
24.435,78.04,100.0,1500.17578125,32768.0
24.795,76.085,100.0,1512.171875,32768.0
25.157,76.008,100.0,1520.15625,32768.0
25.523,73.013,100.0,1532.16796875,32768.0
25.882,69.035,100.0,1540.16796875,32768.0
26.245,68.005,100.0,1548.171875,32768.0
26.619,65.033,100.0,1560.171875,32768.0
26.985,80.045,100.0,1568.171875,32768.0
27.372,97.094,100.0,1580.171875,32768.0
27.754,104.043,100.0,1588.16796875,32768.0
28.121,111.07,100.0,1600.1640625,32768.0
28.486,120.003,99.0,1608.1640625,32768.0
28.856,119.004,99.0,1620.1640625,32768.0
29.244,125.006,100.0,1628.1640625,32768.0
29.621,122.045,100.0,1640.1640625,32768.0
29.995,123.022,99.0,1652.1640625,32768.0
30.37,125.044,99.0,1660.16015625,32768.0
30.731,122.044,99.0,1672.15234375,32768.0
31.113,125.068,100.0,1680.16015625,32768.0
31.497,121.022,100.0,1692.15234375,32768.0
31.861,122.054,100.0,1700.15234375,32768.0
32.226,126.055,100.0,1708.1640625,32768.0
32.59,108.067,100.0,1720.15234375,32768.0
32.952,119.076,100.0,1732.15234375,32768.0
33.388,128.065,100.0,1740.15234375,32768.0
33.79,134.061,99.0,1752.15234375,32768.0
34.256,138.019,100.0,1764.15625,32768.0
34.721,140.059,100.0,1776.15234375,32768.0
35.147,141.057,99.0,1788.1484375,32768.0
35.568,141.011,99.0,1800.14453125,32768.0
36.04,141.07,99.0,1812.09765625,32768.0
36.457,141.017,99.0,1824.140625,32768.0
36.879,141.076,99.0,1832.14453125,32768.0
37.306,141.074,99.0,1844.15234375,32768.0
37.775,141.025,99.0,1580.23828125,32768.0
38.211,141.059,99.0,1588.24609375,32768.0
38.664,142.02,99.0,1604.2265625,32768.0
39.121,141.077,99.0,1616.234375,32768.0
39.594,141.017,99.0,1624.22265625,32768.0
40.001,138.031,99.0,1636.21875,32768.0
40.363,123.06,99.0,1644.21875,32768.0
40.748,124.095,100.0,1656.21875,32768.0
41.216,132.008,100.0,1668.22265625,32768.0
41.687,136.013,99.0,1680.21484375,32768.0
42.106,138.018,99.0,1692.16796875,32768.0
42.49,139.098,99.0,1704.21484375,32768.0
42.964,140.062,99.0,1716.21484375,32768.0
43.44,140.097,99.0,1724.2109375,32768.0
43.846,140.032,99.0,1736.2109375,32768.0
44.31,141.052,99.0,1748.2109375,32768.0
44.786,141.074,99.0,1760.2109375,32768.0
45.192,141.085,100.0,1772.2109375,32768.0
45.61,142.068,99.0,1780.2109375,32768.0
46.033,142.015,100.0,1792.19140625,32768.0
46.501,142.016,99.0,1804.20703125,32768.0
46.924,142.03,99.0,1816.1953125,32768.0
47.337,142.038,99.0,1824.1796875,32768.0
47.734,142.067,99.0,1836.1640625,32768.0
48.201,143.03,99.0,1848.1328125,32768.0
48.684,142.079,99.0,1864.13671875,32768.0
49.156,142.084,99.0,1876.1484375,32768.0
49.627,142.042,99.0,1884.14453125,32768.0
50.033,141.093,99.0,1896.14453125,32768.0
50.427,141.075,99.0,1908.14453125,32768.0
50.916,142.043,100.0,1920.14453125,32768.0
51.39,143.01,100.0,1932.14453125,32768.0
51.861,143.019,100.0,1944.14453125,32768.0
52.352,142.0,100.0,1888.14453125,32768.0
52.84,142.038,99.0,1564.20703125,32768.0
53.27,142.055,100.0,1576.2109375,32768.0
53.732,143.063,99.0,1588.20703125,32768.0
54.2,143.009,99.0,1596.203125,32768.0
54.631,143.078,99.0,1608.203125,32768.0
55.052,144.086,99.0,1620.16015625,32768.0
55.468,145.08,99.0,1640.234375,32768.0
55.96,145.068,99.0,1652.234375,32768.0
56.369,145.089,99.0,1664.234375,32768.0
56.797,146.012,99.0,1676.23046875,32768.0
57.269,145.065,99.0,1688.23046875,32768.0
57.75,146.067,99.0,1700.23046875,32768.0
58.181,147.041,99.0,1708.203125,32768.0
58.604,148.034,99.0,1720.234375,32768.0
59.007,148.026,99.0,1732.234375,32768.0
59.385,148.035,99.0,1740.24609375,32768.0
59.773,147.007,99.0,1748.234375,32768.0
60.157,142.069,99.0,1756.2421875,32768.0
60.528,130.04,99.0,1761.703125,32768.0
60.89,112.098,99.0,1773.703125,32768.0
61.251,97.051,99.0,1781.7109375,32768.0
61.613,91.01,99.0,1793.87890625,32768.0
61.989,92.013,99.0,1802.12890625,32768.0
62.347,89.075,100.0,1814.13671875,32768.0
62.711,86.093,100.0,1822.12890625,32768.0
63.068,84.059,100.0,1830.140625,32768.0
63.43,81.051,100.0,1842.24609375,32768.0
63.794,79.08,100.0,1850.24609375,32768.0
64.16,80.037,100.0,1864.79296875,32768.0
64.518,78.055,100.0,1877.04296875,32768.0
64.879,77.063,100.0,1885.04296875,32768.0
65.238,77.002,100.0,1897.04296875,32768.0
65.602,78.041,100.0,1905.171875,32768.0
65.967,76.027,100.0,1913.171875,32768.0
66.327,72.049,100.0,1925.546875,32768.0
66.685,68.01,100.0,1933.5390625,32768.0
67.044,68.007,100.0,1948.0546875,32768.0
67.404,71.078,100.0,1960.9453125,32768.0
67.765,73.068,100.0,1571.88671875,32768.0
68.147,76.005,100.0,1613.265625,32768.0
68.513,85.068,100.0,1621.2578125,32768.0
68.897,81.062,100.0,1633.24609375,32768.0
69.259,82.029,100.0,1641.2109375,32768.0
69.625,81.028,100.0,1649.23828125,32768.0
69.984,90.071,100.0,1688.6875,32768.0
70.348,98.026,100.0,1696.6875,32768.0
70.719,97.024,100.0,1708.6875,32768.0
71.088,100.079,100.0,1709.67578125,32768.0
71.464,95.08,100.0,1721.7890625,32768.0
71.827,92.036,100.0,1722.2734375,32768.0
72.188,98.046,100.0,1774.01953125,32768.0
72.553,92.048,100.0,1790.01953125,32768.0
72.912,86.026,100.0,1797.8828125,32768.0
73.278,87.074,100.0,1801.8515625,32768.0
73.647,88.031,100.0,1817.6171875,32768.0
74.012,86.013,100.0,1816.57421875,32768.0
74.381,86.099,100.0,1828.578125,32768.0
74.746,89.061,100.0,1844.8359375,32768.0
75.117,94.072,100.0,1856.84375,32768.0
75.488,95.003,100.0,1906.04296875,32768.0
75.852,92.072,100.0,1916.26171875,32768.0
76.214,87.033,100.0,1928.2734375,32768.0
76.581,81.073,100.0,1936.26171875,32768.0
76.939,78.013,100.0,1948.26171875,32768.0
77.301,75.092,100.0,1956.25,32768.0
77.664,73.072,100.0,1964.26171875,32768.0
78.026,72.048,100.0,1895.23828125,32768.0
78.393,72.081,100.0,1903.24609375,32768.0
78.753,72.023,100.0,1923.2734375,32768.0
79.11,74.082,100.0,1931.02734375,32768.0
79.474,74.005,100.0,1939.01953125,32768.0
79.839,73.02,100.0,1951.01953125,32768.0
80.2,73.029,100.0,1959.02734375,32768.0
80.559,82.07,100.0,1954.01953125,32768.0
80.931,84.04,100.0,2019.53125,32768.0
81.29,87.013,100.0,2016.76953125,32768.0
81.661,86.052,100.0,2028.75,32768.0
82.019,86.022,100.0,2036.734375,32768.0
82.381,83.034,100.0,2044.5859375,32768.0
82.738,91.041,100.0,1708.3203125,32768.0
83.117,93.031,100.0,1721.4765625,32768.0
83.477,89.018,100.0,1729.54296875,32768.0
83.836,87.027,100.0,1741.54296875,32768.0
84.196,85.006,100.0,1747.4296875,32768.0
84.556,83.083,100.0,1759.453125,32768.0
84.928,82.07,100.0,1767.45703125,32768.0
85.291,78.05,100.0,1759.38671875,32768.0
85.663,74.017,100.0,1771.3828125,32768.0
86.023,71.021,100.0,1779.37890625,32768.0
86.385,70.078,100.0,1777.88671875,32768.0
86.751,72.076,100.0,1851.8046875,32768.0
87.111,69.058,100.0,1859.8515625,32768.0
87.479,67.077,100.0,1871.83984375,32768.0
87.844,65.087,100.0,1879.83984375,32768.0
88.207,65.061,100.0,1891.8515625,32768.0
88.57,64.065,100.0,1898.0234375,32768.0
88.927,63.041,100.0,1906.0234375,32768.0
89.299,62.099,100.0,1918.0078125,32768.0
89.659,61.099,100.0,1926.015625,32768.0
90.021,61.077,100.0,1905.1484375,32768.0
90.381,73.003,100.0,1913.203125,32768.0
90.741,73.089,100.0,1921.203125,32768.0
91.099,77.019,100.0,1886.1484375,32768.0
91.465,81.037,100.0,1894.15234375,32768.0
91.83,84.025,100.0,1912.6953125,32768.0
92.196,84.086,100.0,1927.4296875,32768.0
92.563,85.062,100.0,1935.2265625,32768.0
92.931,83.064,100.0,1949.5078125,32768.0
93.302,84.037,100.0,1957.51171875,32768.0
93.661,84.063,100.0,1965.5078125,32768.0
94.022,83.005,100.0,1969.43359375,32768.0
94.382,83.066,100.0,1973.4375,32768.0
94.747,82.017,100.0,1981.4296875,32768.0
95.117,77.061,100.0,1973.8984375,32768.0
95.482,75.036,100.0,1981.89453125,32768.0
95.847,75.04,100.0,1989.890625,32768.0
96.212,74.08,100.0,1997.8828125,32768.0
96.575,78.09,100.0,2003.3359375,32768.0
96.944,76.061,100.0,2011.3203125,32768.0
97.307,75.046,100.0,1991.93359375,32768.0
97.677,75.082,100.0,1636.01953125,32768.0
98.042,74.024,100.0,1644.015625,32768.0
98.404,74.011,100.0,1652.01953125,32768.0
98.764,73.054,100.0,1664.01171875,32768.0
99.129,73.018,100.0,1668.0078125,32768.0
99.488,71.099,100.0,1676.01171875,32768.0
99.85,88.033,100.0,1688.00390625,32768.0
100.249,99.086,100.0,1673.97265625,32768.0
100.632,110.002,100.0,1681.98828125,32768.0
101.013,116.065,100.0,1689.98828125,32768.0
101.431,120.009,99.0,1698.0,32768.0
101.828,121.095,99.0,1709.98828125,32768.0
102.228,121.078,99.0,1717.94921875,32768.0
102.597,117.051,99.0,1725.984375,32768.0
102.968,111.003,100.0,1733.984375,32768.0
103.364,117.071,99.0,1741.98828125,32768.0
103.737,110.065,99.0,1749.984375,32768.0
104.105,118.082,99.0,1757.96875,32768.0
104.493,117.043,99.0,1765.98828125,32768.0
104.857,120.068,99.0,1777.984375,32768.0
105.251,124.069,99.0,1785.96484375,32768.0
105.629,124.005,99.0,1793.98046875,32768.0
106.023,129.011,99.0,1801.9765625,32768.0
106.426,132.01,99.0,1813.984375,32768.0
106.827,133.026,100.0,1821.9765625,32768.0
107.196,122.031,99.0,1829.96484375,32768.0
107.57,115.047,99.0,1837.9765625,32768.0
107.986,122.009,100.0,1845.9765625,32768.0
108.377,125.037,100.0,1853.984375,32768.0
108.784,127.011,99.0,1865.9765625,32768.0
109.205,126.025,99.0,1873.94140625,32768.0
109.594,125.093,99.0,1881.97265625,32768.0
109.988,125.052,99.0,1893.96875,32768.0
110.372,122.057,99.0,1901.98046875,32768.0
110.739,110.093,99.0,1909.96875,32768.0
111.101,120.063,99.0,1917.98046875,32768.0
111.503,120.041,100.0,1925.9765625,32768.0
111.87,121.088,99.0,1933.9609375,32768.0
112.276,124.088,99.0,1941.9765625,32768.0
112.664,123.006,99.0,1594.05859375,32768.0
113.068,125.083,99.0,1606.0546875,32768.0
113.439,122.002,99.0,1614.05859375,32768.0
113.844,127.063,99.0,1622.0546875,32768.0
114.243,131.076,99.0,1630.06640625,32768.0
114.65,132.001,99.0,1642.046875,32768.0
115.048,121.034,99.0,1650.04296875,32768.0
115.41,115.072,99.0,1658.04296875,32768.0
115.809,122.002,99.0,1717.98828125,32768.0
116.203,126.0,99.0,1725.953125,32768.0
116.638,128.032,99.0,1733.97265625,32768.0
117.048,128.031,99.0,1741.97265625,32768.0
117.452,128.058,99.0,1749.9765625,32768.0
117.855,127.099,99.0,1761.96875,32768.0
118.224,120.061,99.0,1759.96484375,32768.0
118.592,113.016,99.0,1767.953125,32768.0
118.986,118.022,99.0,1775.953125,32768.0
119.361,115.067,99.0,1783.96484375,32768.0
119.744,123.005,99.0,1791.953125,32768.0
120.13,117.087,99.0,1803.953125,32768.0
120.5,122.071,99.0,1811.95703125,32768.0
120.893,122.004,99.0,1801.390625,32768.0
121.262,124.02,100.0,1813.390625,32768.0
121.664,127.007,99.0,1821.3828125,32768.0
122.066,128.086,100.0,1829.3828125,32768.0
122.485,126.098,100.0,1837.3828125,32768.0
122.85,115.0,100.0,1845.37890625,32768.0
123.211,100.048,99.0,1853.38671875,32768.0
123.58,88.08,100.0,1857.37890625,32768.0
123.947,85.076,99.0,1865.375,32768.0
124.333,109.031,99.0,1877.37890625,32768.0
124.809,124.046,99.0,1861.96484375,32768.0
125.278,131.071,100.0,1869.95703125,32768.0
125.707,135.094,99.0,1881.95703125,32768.0
126.197,140.013,99.0,1889.9296875,32768.0
126.703,142.06,99.0,1901.953125,32768.0
127.19,143.022,99.0,1909.92578125,32768.0
127.679,143.034,99.0,1626.02734375,32768.0
128.132,143.038,99.0,1634.02734375,32768.0
128.606,143.07,99.0,1646.01953125,32768.0
129.129,142.099,99.0,1654.015625,32768.0
129.521,143.005,99.0,1666.015625,32768.0
129.934,144.046,99.0,1678.0078125,32768.0
130.432,145.088,99.0,1686.015625,32768.0
130.947,146.085,99.0,1698.00390625,32768.0
131.454,147.052,99.0,1710.00390625,32768.0
131.88,148.018,99.0,1718.00390625,32768.0
132.308,148.034,99.0,1730.00390625,32768.0
132.772,147.011,99.0,1741.99609375,32768.0
133.264,147.011,99.0,1750.0078125,32768.0
133.739,146.079,99.0,1762.0,32768.0
134.236,147.023,99.0,1769.99609375,32768.0
134.656,145.066,99.0,1777.99609375,32768.0
135.048,144.004,99.0,1789.99609375,32768.0
135.492,144.0,99.0,1797.99609375,32768.0
135.93,143.013,99.0,1805.99609375,32768.0
136.386,142.092,99.0,1818.00390625,32768.0
136.819,142.06,99.0,1826.0,32768.0
137.318,142.092,99.0,1837.984375,32768.0
137.809,143.048,99.0,1850.0,32768.0
138.288,143.068,99.0,1857.99609375,32768.0
138.774,143.028,99.0,1869.9921875,32768.0
139.227,143.016,99.0,1881.97265625,32768.0
139.702,143.026,99.0,1889.98828125,32768.0
140.116,143.028,99.0,1897.9765625,32768.0
140.598,143.019,99.0,1909.95703125,32768.0
141.092,142.094,99.0,1921.94921875,32768.0
141.58,143.024,99.0,1985.90625,32768.0
142.052,143.06,99.0,1993.87109375,32768.0
142.538,143.091,99.0,1659.05859375,32768.0
142.964,143.079,99.0,1674.828125,32768.0
143.435,143.089,99.0,1686.8203125,32768.0
143.93,143.082,99.0,1694.82421875,32768.0
144.417,143.07,100.0,1704.81640625,32768.0
144.853,143.035,100.0,1712.80859375,32768.0
145.332,143.084,99.0,1706.234375,32768.0
145.828,143.096,99.0,1718.22265625,32768.0
146.33,144.016,99.0,1730.21875,32768.0
146.85,143.07,99.0,1738.21875,32768.0
147.325,145.012,99.0,1746.2265625,32768.0
147.792,146.002,99.0,1749.09375,32768.0
148.269,146.099,99.0,1741.71875,32768.0
148.754,146.072,99.0,1749.703125,32768.0
149.178,145.032,99.0,1757.6796875,32768.0
149.652,145.035,99.0,1769.70703125,32768.0
150.117,145.04,99.0,1781.69921875,32768.0
150.533,145.038,99.0,1785.7109375,32768.0
150.944,145.045,99.0,1805.2421875,32768.0
151.425,145.027,99.0,1813.22265625,32768.0
151.81,145.0,99.0,1821.2421875,32768.0
152.192,144.015,99.0,1829.25,32768.0
152.624,142.04,99.0,1841.2421875,32768.0
153.017,141.01,99.0,1849.2421875,32768.0
153.412,139.051,99.0,1857.25,32768.0
153.804,136.025,99.0,1865.2421875,32768.0
154.192,128.043,99.0,1873.2421875,32768.0
154.557,110.066,99.0,1885.23828125,32768.0
154.928,122.093,98.0,1893.2421875,32768.0
155.378,125.04,99.0,1901.25,32768.0
155.744,106.09,99.0,1909.2421875,32768.0
156.105,122.099,99.0,1917.2265625,32768.0
156.617,131.053,99.0,1925.22265625,32768.0
157.02,137.022,99.0,1937.22265625,32768.0
157.452,140.098,99.0,1601.2890625,32768.0
157.895,143.004,99.0,1613.28515625,32768.0
158.376,144.033,99.0,1621.28515625,32768.0
158.789,144.095,99.0,1633.28515625,32768.0
159.262,145.086,99.0,1645.29296875,32768.0
159.73,146.086,99.0,1661.2734375,32768.0
160.213,146.06,99.0,1661.74609375,32768.0
160.689,146.093,99.0,1677.7421875,32768.0
161.234,147.032,99.0,1689.7265625,32768.0
161.717,146.055,99.0,1701.73828125,32768.0
162.221,146.067,99.0,1713.73046875,32768.0
162.701,146.099,99.0,1725.734375,32768.0
163.11,147.071,99.0,1737.734375,32768.0
163.53,148.012,99.0,1745.73828125,32768.0
164.013,148.015,99.0,1765.6953125,32768.0
164.507,147.029,99.0,1777.6953125,32768.0
165.005,146.087,99.0,1789.69921875,32768.0
165.491,147.062,99.0,1801.69921875,32768.0
165.927,146.072,99.0,1813.6953125,32768.0
166.424,146.063,99.0,1829.69140625,32768.0
166.929,146.085,99.0,1841.6953125,32768.0
167.404,146.043,99.0,1853.68359375,32768.0
167.832,146.053,99.0,1865.69921875,32768.0
168.31,146.099,99.0,1877.69921875,32768.0
168.759,147.007,99.0,1885.6953125,32768.0
169.175,147.021,100.0,1897.69140625,32768.0
169.606,146.097,99.0,1909.6796875,32768.0
170.095,147.005,98.0,1921.67578125,32768.0
170.569,147.043,98.0,1933.65625,32768.0
170.975,147.096,98.0,1945.6484375,32768.0
171.44,147.044,99.0,1953.66015625,32768.0
171.874,147.05,99.0,1965.65625,32768.0
172.289,147.001,99.0,1977.62890625,32768.0
172.775,146.076,99.0,1465.69921875,32768.0
173.231,147.023,99.0,1477.66796875,32768.0
173.75,146.025,99.0,1485.69921875,32768.0
174.154,146.058,99.0,1497.69921875,32768.0
174.588,146.038,99.0,1509.69921875,32768.0
175.082,146.066,99.0,1521.6953125,32768.0
175.506,146.088,99.0,1550.8359375,32768.0
175.958,146.043,99.0,1601.62890625,32768.0
176.346,146.028,99.0,1609.6328125,32768.0
176.778,146.078,99.0,1621.62890625,32768.0
177.199,147.013,99.0,1629.5859375,32768.0
177.682,147.013,99.0,1633.59375,32768.0
178.143,147.06,99.0,1645.58984375,32768.0
178.638,147.016,99.0,1655.58203125,32768.0
179.138,146.009,99.0,1667.58203125,32768.0
179.614,145.082,99.0,1679.58203125,32768.0
180.104,145.075,99.0,1691.578125,32768.0
180.55,146.04,99.0,1703.578125,32768.0
181.043,146.018,99.0,1715.578125,32768.0
181.468,145.097,99.0,1727.578125,32768.0
181.929,145.085,99.0,1739.578125,32768.0
182.362,145.081,99.0,1751.57421875,32768.0
182.856,145.069,99.0,1753.03125,32768.0
183.28,145.082,99.0,1765.01953125,32768.0
183.698,145.089,99.0,1772.50390625,32768.0
184.13,146.027,99.0,1784.5078125,32768.0
184.621,145.088,99.0,1792.5078125,32768.0
185.042,145.089,99.0,1804.5078125,32768.0
185.456,144.02,99.0,1793.09375,32768.0
185.947,142.079,99.0,1805.09375,32768.0
186.45,141.059,99.0,1817.09375,32768.0
186.86,140.091,99.0,1829.09375,32768.0
187.35,140.025,99.0,1897.05859375,32768.0
187.779,140.035,99.0,1501.1171875,32768.0
188.198,139.092,99.0,1513.1171875,32768.0
188.624,140.009,100.0,1525.1171875,32768.0
189.128,140.001,100.0,1533.1015625,32768.0
189.61,139.077,99.0,1545.1015625,32768.0
190.114,139.057,99.0,1535.0546875,32768.0
190.528,140.019,99.0,1547.0546875,32768.0
190.974,139.093,99.0,1559.0546875,32768.0
191.417,140.005,99.0,1568.5234375,32768.0
191.887,140.006,100.0,1580.5234375,32768.0
192.387,140.007,100.0,1592.5234375,32768.0
192.861,140.006,100.0,1604.5234375,32768.0
193.303,139.089,100.0,1616.53515625,32768.0
193.777,139.086,100.0,1628.51953125,32768.0
194.2,140.009,100.0,1636.51953125,32768.0
194.624,140.007,100.0,1648.51953125,32768.0
195.042,140.007,99.0,1660.51953125,32768.0
195.524,140.003,99.0,1672.51953125,32768.0
195.999,140.005,100.0,1684.51953125,32768.0
196.486,139.084,99.0,1696.5234375,32768.0
196.916,139.082,99.0,1708.51171875,32768.0
197.343,139.08,99.0,1716.47265625,32768.0
197.757,140.043,99.0,1701.14453125,32768.0
198.241,140.015,99.0,1713.14453125,32768.0
198.685,140.007,99.0,1725.14453125,32768.0
199.175,140.014,99.0,1737.14453125,32768.0
199.637,139.071,99.0,1749.14453125,32768.0
200.122,140.01,99.0,1761.14453125,32768.0
200.534,140.016,99.0,1769.1484375,32768.0
200.931,140.013,99.0,1785.140625,32768.0
201.438,140.001,99.0,1797.140625,32768.0
201.949,140.023,99.0,1809.12890625,32768.0
202.458,140.026,99.0,1437.18359375,32768.0
202.902,140.038,99.0,1449.171875,32768.0
203.404,140.008,99.0,1465.171875,32768.0
203.917,140.008,99.0,1477.171875,32768.0
204.398,139.089,99.0,1489.17578125,32768.0
204.838,139.09,99.0,1501.1171875,32768.0
205.328,140.008,99.0,1513.12109375,32768.0
205.779,140.012,99.0,1525.11328125,32768.0
206.198,139.087,99.0,1537.11328125,32768.0
206.696,140.001,99.0,1545.11328125,32768.0
207.112,140.033,99.0,1557.11328125,32768.0
207.548,140.011,99.0,1569.125,32768.0
207.991,140.017,99.0,1581.11328125,32768.0
208.411,140.011,99.0,1589.125,32768.0
208.853,139.099,99.0,1605.11328125,32768.0
209.334,139.077,100.0,1617.09765625,32768.0
209.77,140.011,100.0,1625.11328125,32768.0
210.205,139.091,100.0,1637.11328125,32768.0
210.642,140.017,100.0,1649.12109375,32768.0
211.12,140.012,100.0,1661.109375,32768.0
211.555,139.097,100.0,1673.109375,32768.0
211.978,139.046,99.0,1685.109375,32768.0
212.451,140.037,99.0,1697.1171875,32768.0
212.985,140.027,99.0,1713.1015625,32768.0
213.433,140.01,99.0,1721.12109375,32768.0
213.857,139.092,100.0,1733.109375,32768.0
214.33,139.071,99.0,1745.109375,32768.0
214.716,140.035,99.0,1757.109375,32768.0
215.155,140.015,99.0,1765.109375,32768.0
215.557,140.021,99.0,1777.109375,32768.0
216.005,140.01,100.0,1789.109375,32768.0
216.427,140.003,100.0,1797.08203125,32768.0
216.833,140.005,100.0,1809.0859375,32768.0
217.303,140.005,100.0,1821.0625,32768.0
217.747,139.098,100.0,1441.1171875,32768.0
218.184,140.004,99.0,1449.1171875,32768.0
218.688,140.019,99.0,1461.1171875,32768.0
219.178,139.091,99.0,1469.1171875,32768.0
219.603,140.028,99.0,1477.1015625,32768.0
220.056,140.009,99.0,1489.11328125,32768.0
220.527,140.033,99.0,1501.11328125,32768.0
221.023,140.02,99.0,1509.10546875,32768.0
221.492,140.015,99.0,1521.11328125,32768.0
221.968,139.098,99.0,1533.1015625,32768.0
222.459,140.023,99.0,1541.0859375,32768.0
222.985,140.009,99.0,1553.1015625,32768.0
223.466,140.024,99.0,1565.10546875,32768.0
223.927,140.013,99.0,1577.1015625,32768.0
224.35,140.001,99.0,1585.09375,32768.0
224.789,140.005,99.0,1593.1015625,32768.0
225.261,140.005,99.0,1605.1015625,32768.0
225.671,140.007,99.0,1613.10546875,32768.0
226.171,140.022,99.0,1625.1015625,32768.0
226.688,140.022,99.0,1637.10546875,32768.0
227.124,140.024,99.0,1645.1015625,32768.0
227.54,140.028,100.0,1657.109375,32768.0
228.028,140.011,99.0,1665.1015625,32768.0
228.463,140.005,100.0,1677.109375,32768.0
228.946,140.005,100.0,1689.09765625,32768.0
229.418,140.003,99.0,1697.10546875,32768.0
229.885,139.098,99.0,1709.09765625,32768.0
230.352,140.012,99.0,1721.11328125,32768.0
230.845,139.078,99.0,1729.09765625,32768.0
231.265,139.097,99.0,1737.09765625,32768.0
231.745,139.087,99.0,1745.109375,32768.0
232.135,140.003,99.0,1757.09765625,32768.0
232.56,139.076,99.0,1617.19140625,32768.0
232.962,138.025,99.0,1625.18359375,32768.0
233.349,138.026,100.0,1633.19140625,32768.0
233.742,138.058,99.0,1645.1796875,32768.0
234.139,137.051,100.0,1653.1796875,32768.0
234.504,134.099,99.0,1661.18359375,32768.0
234.896,131.016,99.0,1669.171875,32768.0
235.256,123.095,99.0,1677.16796875,32768.0
235.623,113.077,99.0,1737.18359375,32768.0
235.993,98.075,99.0,1745.16796875,32768.0
236.355,92.086,100.0,1751.17578125,32768.0
236.726,84.053,100.0,1759.16796875,32768.0
237.087,78.018,100.0,1767.16015625,32768.0
237.457,73.068,100.0,1775.16796875,32768.0
237.826,88.014,100.0,1783.4140625,32768.0
238.216,100.056,100.0,1793.39453125,32768.0
238.583,101.032,99.0,1781.08984375,32768.0
238.956,95.097,100.0,1789.07421875,32768.0
239.32,92.091,100.0,1797.078125,32768.0
239.69,90.043,100.0,1805.06640625,32768.0
240.051,88.036,100.0,1813.06640625,32768.0
240.411,87.036,100.0,1821.078125,32768.0
240.773,86.029,100.0,1831.0234375,32768.0
241.137,84.083,100.0,1839.015625,32768.0
241.497,84.083,100.0,1844.9921875,32768.0
241.858,84.086,100.0,1852.984375,32768.0
242.219,84.043,100.0,1860.96875,32768.0
242.588,84.077,100.0,1868.96875,32768.0
242.947,84.03,100.0,1876.96484375,32768.0
243.314,85.053,100.0,1884.96875,32768.0
243.682,84.091,100.0,1892.97265625,32768.0
244.05,85.058,100.0,1900.96484375,32768.0
244.418,80.085,100.0,1908.96875,32768.0
244.782,79.095,100.0,1917.328125,32768.0
245.141,81.026,100.0,1925.32421875,32768.0
245.502,82.031,100.0,1933.31640625,32768.0
245.865,82.03,100.0,1945.3203125,32768.0
246.228,82.037,100.0,1953.32421875,32768.0
246.589,83.009,100.0,1957.33203125,32768.0
246.952,83.002,100.0,1965.32421875,32768.0
247.316,82.065,100.0,1973.32421875,32768.0
247.677,78.015,100.0,1674.421875,32768.0
248.047,79.031,100.0,1655.05078125,32768.0
248.404,81.015,100.0,1663.04296875,32768.0
248.771,82.004,100.0,1671.05078125,32768.0
249.131,82.025,100.0,1679.04296875,32768.0
249.493,83.0,100.0,1654.8515625,32768.0
249.854,83.006,100.0,1662.84375,32768.0
250.211,82.059,100.0,1670.84375,32768.0
250.573,80.096,100.0,1678.84375,32768.0
250.934,78.046,100.0,1719.78515625,32768.0
251.298,79.075,100.0,1727.78515625,32768.0
251.657,81.061,100.0,1735.78515625,32768.0
252.019,82.004,100.0,1743.78515625,32768.0
252.379,82.099,100.0,1751.7890625,32768.0
252.744,83.04,100.0,1759.78515625,32768.0
253.108,83.049,100.0,1767.78515625,32768.0
253.469,84.034,100.0,1775.7890625,32768.0
253.827,79.022,100.0,1783.78515625,32768.0
254.189,74.087,100.0,1797.26953125,32768.0
254.557,73.036,100.0,1801.28125,32768.0
254.925,72.026,100.0,1813.27734375,32768.0
255.289,71.042,100.0,1821.27734375,32768.0
255.649,71.008,100.0,1829.2734375,32768.0
256.015,70.012,100.0,1837.2734375,32768.0
256.374,70.028,100.0,1845.27734375,32768.0
256.737,70.052,100.0,1853.2734375,32768.0
257.101,70.051,100.0,1861.2734375,32768.0
257.463,70.025,100.0,1869.27734375,32768.0
257.827,69.059,100.0,1877.2734375,32768.0
258.19,69.029,100.0,1885.26953125,32768.0
258.551,69.052,100.0,1893.2734375,32768.0
258.91,70.059,100.0,1901.26953125,32768.0
259.272,70.035,100.0,1909.26953125,32768.0
259.629,72.092,100.0,1917.26953125,32768.0
259.996,74.069,100.0,1925.2578125,32768.0
260.363,73.091,100.0,1933.25,32768.0
260.734,72.031,100.0,1941.234375,32768.0
261.096,70.082,100.0,1949.21875,32768.0
261.461,70.083,100.0,1957.2109375,32768.0
261.827,69.063,100.0,1965.203125,32768.0
262.195,69.015,100.0,1973.1875,32768.0
262.558,69.087,100.0,1721.22265625,32768.0
262.923,69.071,100.0,1729.21875,32768.0
263.29,69.075,100.0,1741.21875,32768.0
263.656,70.024,100.0,1749.21484375,32768.0
264.018,69.088,100.0,1757.20703125,32768.0
264.378,70.064,100.0,1761.25390625,32768.0
264.744,76.074,100.0,1769.24609375,32768.0
265.112,74.087,100.0,1777.24609375,32768.0
265.472,74.001,100.0,1785.24609375,32768.0
265.835,72.033,100.0,1793.24609375,32768.0
266.2,71.042,100.0,1801.24609375,32768.0
266.56,71.036,100.0,1809.21484375,32768.0
266.922,71.024,100.0,1823.2421875,32768.0
267.281,70.064,100.0,1831.2421875,32768.0
267.643,71.011,100.0,1839.21875,32768.0
267.999,70.026,100.0,1847.21875,32768.0
268.366,70.047,100.0,1851.234375,32768.0
268.729,70.019,100.0,1859.21875,32768.0
269.089,70.019,100.0,1867.22265625,32768.0
269.45,70.078,100.0,1875.234375,32768.0
269.818,69.043,100.0,1879.21875,32768.0
270.181,66.088,100.0,1887.21875,32768.0
270.542,78.07,100.0,1896.23046875,32768.0
270.909,93.059,100.0,1904.46484375,32768.0
271.264,101.037,100.0,1911.47265625,32768.0
271.639,95.078,100.0,1919.46484375,32768.0
271.999,91.09,100.0,1923.4609375,32768.0
272.356,89.097,100.0,1931.48046875,32768.0
272.72,88.013,100.0,1939.4609375,32768.0
273.083,87.001,100.0,1947.46484375,32768.0
273.444,88.022,100.0,1955.48046875,32768.0
273.811,87.045,100.0,1959.47265625,32768.0
274.168,85.081,100.0,1967.46484375,32768.0
274.528,85.079,100.0,1975.453125,32768.0
274.89,84.076,100.0,1983.44921875,32768.0
275.253,84.016,100.0,1991.44921875,32768.0
275.616,84.059,100.0,1995.44921875,32768.0
275.977,84.009,100.0,2003.4453125,32768.0
276.337,84.035,100.0,2011.4453125,32768.0
276.702,84.031,100.0,2019.44921875,32768.0
277.06,80.052,100.0,2027.44921875,32768.0
277.425,77.045,100.0,2030.9609375,32768.0
277.788,79.005,100.0,1739.01171875,32768.0
278.152,80.007,100.0,1747.01171875,32768.0
278.511,81.074,100.0,1755.03125,32768.0
278.873,82.042,100.0,1763.01171875,32768.0
279.233,82.091,100.0,1767.00390625,32768.0
279.593,83.097,100.0,1775.0078125,32768.0
279.956,85.001,100.0,1782.99609375,32768.0
280.324,80.056,100.0,1790.98828125,32768.0
280.687,80.089,100.0,1799.2421875,32768.0
281.047,81.048,100.0,1803.2421875,32768.0
281.408,82.084,100.0,1811.26953125,32768.0
281.771,83.018,100.0,1819.2421875,32768.0
282.135,83.033,100.0,1827.2421875,32768.0
282.495,84.0,100.0,1835.26953125,32768.0
282.858,83.087,100.0,1839.24609375,32768.0
283.221,82.081,100.0,1847.2421875,32768.0
283.584,79.021,100.0,1855.2421875,32768.0
283.95,80.035,100.0,1863.23828125,32768.0
284.317,81.031,100.0,1871.23828125,32768.0
284.679,82.065,100.0,1879.234375,32768.0
285.041,84.012,100.0,1883.234375,32768.0
285.405,85.023,100.0,1891.25390625,32768.0
285.766,84.086,100.0,1899.234375,32768.0
286.131,84.035,100.0,1907.234375,32768.0
286.499,81.08,100.0,1915.24609375,32768.0
286.862,77.086,100.0,1919.23828125,32768.0
287.226,75.028,100.0,1927.234375,32768.0
287.589,73.004,100.0,1935.2421875,32768.0
287.951,71.017,100.0,1943.234375,32768.0
288.313,70.042,100.0,1951.23046875,32768.0
288.676,70.081,100.0,1955.23828125,32768.0
289.046,70.063,100.0,1963.22265625,32768.0
289.411,72.014,100.0,1971.23828125,32768.0
289.772,71.024,100.0,1979.234375,32768.0
290.138,70.028,100.0,1985.23046875,32768.0
290.499,70.083,100.0,1989.23828125,32768.0
290.866,70.024,100.0,1997.23046875,32768.0
291.228,70.028,100.0,2005.23046875,32768.0
291.588,70.063,100.0,2017.1875,32768.0
291.951,69.091,100.0,2021.18359375,32768.0
292.316,69.03,100.0,2029.1796875,32768.0
292.676,70.023,100.0,1729.25,32768.0
293.043,69.081,100.0,1737.2421875,32768.0
293.409,70.037,100.0,1745.265625,32768.0
293.77,69.092,100.0,1753.24609375,32768.0
294.136,69.038,100.0,1761.23046875,32768.0
294.502,70.034,100.0,1769.2265625,32768.0
294.868,70.005,100.0,1777.22265625,32768.0
295.236,69.086,100.0,1785.22265625,32768.0
295.599,73.048,100.0,1849.18359375,32768.0
295.972,75.082,100.0,1853.1796875,32768.0
296.334,73.064,100.0,1857.16796875,32768.0
296.699,73.069,100.0,1865.16015625,32768.0
297.069,72.019,100.0,1865.1953125,32768.0
297.429,72.014,100.0,1873.2109375,32768.0
297.796,71.026,100.0,1877.1953125,32768.0
298.164,70.095,100.0,1875.171875,32768.0
298.524,71.063,100.0,1879.1796875,32768.0
298.892,71.067,100.0,1887.1640625,32768.0
299.254,70.063,100.0,1891.16796875,32768.0
299.62,70.05,100.0,1899.171875,32768.0
299.981,69.067,100.0,1903.16796875,32768.0
300.341,69.034,100.0,1907.171875,32768.0
300.7,71.017,100.0,1900.609375,32768.0
301.064,71.036,100.0,1904.61328125,32768.0
301.424,71.077,100.0,1912.62109375,32768.0
301.786,71.009,100.0,1916.61328125,32768.0
302.149,70.083,100.0,1924.60546875,32768.0
302.511,71.017,100.0,1928.60546875,32768.0
302.874,68.086,100.0,1932.60546875,32768.0
303.237,66.025,100.0,1940.6015625,32768.0
303.608,83.085,100.0,1949.8515625,32768.0
303.971,96.034,100.0,1953.84375,32768.0
304.336,99.053,100.0,1956.4765625,32768.0
304.707,95.0,100.0,1964.84375,32768.0
305.067,91.089,100.0,1968.84375,32768.0
305.428,90.049,100.0,1976.8515625,32768.0
305.788,89.023,100.0,1980.84765625,32768.0
306.152,88.062,100.0,1988.84765625,32768.0
306.512,89.01,100.0,1992.85546875,32768.0
306.876,87.085,100.0,1996.85546875,32768.0
307.235,87.069,100.0,2004.85546875,32768.0
307.605,88.004,100.0,1664.9375,32768.0
307.963,87.051,100.0,1672.9140625,32768.0
308.322,86.087,100.0,1676.9140625,32768.0
308.677,87.038,100.0,1684.91796875,32768.0
309.036,87.094,100.0,1717.50390625,32768.0
309.403,87.057,100.0,1725.51171875,32768.0
309.77,86.079,100.0,1729.50390625,32768.0
310.131,81.058,100.0,1733.48828125,32768.0
310.497,81.071,100.0,1736.9765625,32768.0
310.862,83.033,100.0,1740.98828125,32768.0
311.227,84.03,100.0,1738.96875,32768.0
311.589,85.04,100.0,1746.96875,32768.0
311.955,85.036,100.0,1750.96875,32768.0
312.317,85.071,100.0,1754.96484375,32768.0
312.679,86.063,100.0,1762.96484375,32768.0
313.043,85.089,100.0,1766.96484375,32768.0
313.406,82.078,100.0,1775.2265625,32768.0
313.77,83.044,100.0,1779.2109375,32768.0
314.138,84.047,100.0,1772.6484375,32768.0
314.511,87.071,100.0,1776.65625,32768.0
314.874,87.066,100.0,1780.640625,32768.0
315.239,86.094,100.0,1788.640625,32768.0
315.599,87.052,100.0,1792.6484375,32768.0
315.958,87.013,100.0,1800.640625,32768.0
316.32,82.001,100.0,1804.38671875,32768.0
316.696,83.001,100.0,1785.26171875,32768.0
317.058,84.0,100.0,1789.26171875,32768.0
317.428,86.068,100.0,1797.2734375,32768.0
317.805,86.066,100.0,1801.2578125,32768.0
318.171,86.003,100.0,1809.25,32768.0
318.54,87.02,100.0,1813.2578125,32768.0
318.903,86.051,100.0,1817.25390625,32768.0
319.263,84.092,100.0,1825.25390625,32768.0
319.625,79.059,100.0,1829.2578125,32768.0
319.986,76.034,100.0,1837.25,32768.0
320.351,74.067,100.0,1841.25390625,32768.0
320.712,74.039,100.0,1849.25,32768.0
321.07,73.073,100.0,1853.2421875,32768.0
321.427,73.053,100.0,1857.265625,32768.0
321.786,73.028,100.0,1865.2421875,32768.0
322.147,73.002,100.0,1869.24609375,32768.0
322.504,73.094,100.0,1657.33984375,32768.0
322.864,72.098,100.0,1661.3359375,32768.0
323.224,78.008,100.0,1669.3203125,32768.0
323.586,77.016,100.0,1673.30078125,32768.0
323.948,75.028,100.0,1677.3046875,32768.0
324.308,73.091,100.0,1685.296875,32768.0
324.669,74.008,100.0,1689.29296875,32768.0
325.027,73.025,100.0,1697.2890625,32768.0
325.387,73.019,100.0,1701.30078125,32768.0
325.752,73.025,100.0,1709.28125,32768.0
326.112,73.009,100.0,1713.2734375,32768.0
326.483,74.043,100.0,1717.29296875,32768.0
326.847,73.065,100.0,1725.28125,32768.0
327.214,73.034,100.0,1729.27734375,32768.0
327.583,73.063,100.0,1737.28515625,32768.0
327.945,72.092,100.0,1745.28515625,32768.0
328.307,73.055,100.0,1753.27734375,32768.0
328.67,74.011,100.0,1757.27734375,32768.0
329.03,73.095,100.0,1765.26953125,32768.0
329.394,74.04,100.0,1773.26953125,32768.0
329.759,73.059,100.0,1781.26953125,32768.0
330.12,73.038,100.0,1789.26953125,32768.0
330.482,75.038,100.0,1793.26953125,32768.0
330.849,74.079,100.0,1801.265625,32768.0
331.213,74.015,100.0,1809.26171875,32768.0
331.576,74.022,100.0,1817.2734375,32768.0
331.937,73.067,100.0,1821.2734375,32768.0
332.296,74.009,100.0,1829.26953125,32768.0
332.66,75.074,100.0,1837.26171875,32768.0
333.024,74.09,100.0,1845.2578125,32768.0
333.384,75.01,100.0,1853.2578125,32768.0
333.745,74.059,100.0,1857.2578125,32768.0
334.109,73.074,100.0,1833.06640625,32768.0
334.479,74.045,100.0,1841.0625,32768.0
334.84,74.009,100.0,1849.0625,32768.0
335.201,73.054,100.0,1857.0625,32768.0
335.564,72.015,100.0,1865.05859375,32768.0
335.933,69.026,100.0,1869.05859375,32768.0
336.29,83.016,100.0,1878.3046875,32768.0
336.648,95.086,100.0,1886.3046875,32768.0
337.019,101.045,100.0,1925.48828125,32768.0
337.398,97.047,100.0,1933.48828125,32768.0
337.762,94.083,100.0,1693.54296875,32768.0
338.122,92.036,100.0,1701.54296875,32768.0
338.486,91.078,100.0,1709.546875,32768.0
338.848,90.056,100.0,1717.5390625,32768.0
339.205,89.07,100.0,1725.53515625,32768.0
339.567,89.086,100.0,1729.53515625,32768.0
339.93,89.03,100.0,1737.53125,32768.0
340.293,88.09,100.0,1745.52734375,32768.0
340.658,89.056,100.0,1753.5234375,32768.0
341.022,89.049,100.0,1761.5234375,32768.0
341.384,89.023,100.0,1765.5234375,32768.0
341.75,89.0,100.0,1773.51953125,32768.0
342.112,88.05,100.0,1781.51953125,32768.0
342.476,88.036,100.0,1789.51953125,32768.0
342.839,81.095,100.0,1797.51953125,32768.0
343.204,82.012,100.0,1801.0234375,32768.0
343.568,84.065,100.0,1809.0234375,32768.0
343.926,85.088,100.0,1817.01953125,32768.0
344.292,87.007,100.0,1825.015625,32768.0
344.66,88.003,100.0,1833.015625,32768.0
345.016,87.074,100.0,1841.015625,32768.0
345.383,88.015,100.0,1845.015625,32768.0
345.746,88.02,100.0,1853.01171875,32768.0
346.111,83.066,100.0,1861.26171875,32768.0
346.471,86.085,100.0,1869.2578125,32768.0
346.834,87.085,100.0,1877.2578125,32768.0
347.195,87.064,100.0,1881.2578125,32768.0
347.557,88.092,100.0,1889.2578125,32768.0
347.918,88.084,100.0,1897.2578125,32768.0
348.278,88.008,100.0,1905.2578125,32768.0
348.639,88.051,100.0,1913.25390625,32768.0
349.002,85.075,100.0,1919.25,32768.0
349.368,84.043,100.0,1927.25,32768.0
349.732,86.067,100.0,1935.24609375,32768.0
350.093,88.041,100.0,1943.23828125,32768.0
350.453,89.002,100.0,1951.23828125,32768.0
350.819,88.039,100.0,1959.234375,32768.0
351.183,88.03,100.0,1963.234375,32768.0
351.547,89.0,100.0,1971.234375,32768.0
351.916,88.016,100.0,1979.234375,32768.0
352.279,83.017,100.0,1987.2265625,32768.0
352.646,80.021,100.0,1727.2734375,32768.0
353.008,78.009,100.0,1731.2734375,32768.0
353.37,76.041,100.0,1739.26953125,32768.0
353.734,76.046,100.0,1747.265625,32768.0
354.093,76.033,100.0,1811.23046875,32768.0
354.455,76.057,100.0,1819.22265625,32768.0
354.815,76.05,100.0,1819.20703125,32768.0
355.179,75.095,100.0,1827.203125,32768.0
355.544,77.079,100.0,1837.21484375,32768.0
355.91,77.04,100.0,1845.21484375,32768.0
356.27,80.023,100.0,1851.21484375,32768.0
356.637,81.089,100.0,1859.21484375,32768.0
357.006,83.094,100.0,1850.65234375,32768.0
357.371,81.034,100.0,1858.65234375,32768.0
357.734,80.025,100.0,1866.6328125,32768.0
358.097,78.093,100.0,1870.6328125,32768.0
358.458,78.092,100.0,1878.65234375,32768.0
358.821,78.077,100.0,1884.6328125,32768.0
359.184,77.079,100.0,1892.6328125,32768.0
359.539,78.034,100.0,1896.65234375,32768.0
359.903,78.075,100.0,1904.6328125,32768.0
360.269,78.019,100.0,1912.6328125,32768.0
360.634,77.091,100.0,1920.6484375,32768.0
360.997,77.024,100.0,1928.6328125,32768.0
361.359,77.011,100.0,1932.6328125,32768.0
361.724,78.008,100.0,1940.63671875,32768.0
362.088,78.072,100.0,1948.6328125,32768.0
362.448,78.06,100.0,1956.65234375,32768.0
362.81,77.074,100.0,1960.63671875,32768.0
363.171,76.072,100.0,1968.6328125,32768.0
363.533,77.009,100.0,1966.62890625,32768.0
363.894,76.06,100.0,1970.609375,32768.0
364.256,76.005,100.0,1978.609375,32768.0
364.614,75.076,100.0,1986.62109375,32768.0
364.969,75.028,100.0,1994.60546875,32768.0
365.334,75.018,100.0,1998.60546875,32768.0
365.696,75.034,100.0,1979.23046875,32768.0
366.064,75.025,100.0,1987.21875,32768.0
366.426,75.092,100.0,1991.2265625,32768.0
366.793,76.03,100.0,1999.20703125,32768.0
367.16,76.006,100.0,2007.20703125,32768.0
367.524,77.071,100.0,1583.29296875,32768.0
367.888,77.051,100.0,1591.28515625,32768.0
368.248,74.084,100.0,1599.28515625,32768.0
368.61,73.011,100.0,1607.28515625,32768.0
368.97,96.044,100.0,1615.28515625,32768.0
369.432,107.095,100.0,1623.29296875,32768.0
369.818,107.071,99.0,1631.28125,32768.0
370.221,117.014,99.0,1639.28515625,32768.0
370.667,116.012,99.0,1647.28515625,32768.0
371.138,123.023,99.0,1667.25,32768.0
371.647,120.048,99.0,1679.25390625,32768.0
372.105,124.033,99.0,1687.25,32768.0
372.535,119.001,99.0,1699.25,32768.0
372.91,122.03,99.0,1711.25,32768.0
373.427,120.057,99.0,1723.25,32768.0
373.804,125.016,99.0,1731.24609375,32768.0
374.226,123.056,99.0,1739.24609375,32768.0
374.596,122.003,99.0,1807.20703125,32768.0
375.087,122.059,99.0,1815.203125,32768.0
375.48,122.0,99.0,1823.1875,32768.0
375.867,122.026,99.0,1831.1796875,32768.0
376.261,121.068,99.0,1839.1796875,32768.0
376.677,122.008,99.0,1851.1796875,32768.0
377.073,121.033,99.0,1849.1640625,32768.0
377.475,120.05,99.0,1861.1484375,32768.0
377.878,120.042,99.0,1869.16015625,32768.0
378.284,120.034,99.0,1877.16015625,32768.0
378.682,119.054,99.0,1874.58984375,32768.0
379.093,119.057,99.0,1882.59765625,32768.0
379.491,119.068,100.0,1894.609375,32768.0
379.888,119.07,99.0,1898.63671875,32768.0
380.288,120.04,99.0,1906.63671875,32768.0
380.655,119.014,99.0,1914.625,32768.0
381.028,116.069,99.0,1922.63671875,32768.0
381.396,112.03,99.0,1934.63671875,32768.0
381.771,108.072,99.0,1942.6328125,32768.0
382.137,104.056,99.0,1950.6328125,32768.0
382.507,96.013,100.0,1646.69921875,32768.0
382.876,97.012,100.0,1654.6875,32768.0
383.254,106.059,100.0,1639.3125,32768.0
383.648,112.03,100.0,1647.30859375,32768.0
384.041,115.076,99.0,1655.30859375,32768.0
384.442,118.015,99.0,1667.26953125,32768.0
384.847,119.093,99.0,1675.3046875,32768.0
385.232,119.003,99.0,1683.3046875,32768.0
385.599,116.04,100.0,1691.3125,32768.0
385.97,110.033,99.0,1699.3046875,32768.0
386.338,98.024,99.0,1707.3046875,32768.0
386.705,101.055,99.0,1715.3125,32768.0
387.098,109.085,99.0,1723.3046875,32768.0
387.492,115.036,99.0,1735.3125,32768.0
387.894,119.086,99.0,1743.3046875,32768.0
388.295,122.09,99.0,1751.3046875,32768.0
388.695,123.088,99.0,1755.3125,32768.0
389.092,122.064,99.0,1763.296875,32768.0
389.461,118.078,99.0,1775.30078125,32768.0
389.835,110.086,99.0,1779.3046875,32768.0
390.201,113.01,99.0,1791.296875,32768.0
390.594,116.031,99.0,1795.3046875,32768.0
390.993,118.05,99.0,1807.2890625,32768.0
391.399,121.067,99.0,1815.29296875,32768.0
391.804,123.017,99.0,1823.30078125,32768.0
392.196,123.085,99.0,1831.29296875,32768.0
392.572,123.095,99.0,1839.30078125,32768.0
392.937,119.09,99.0,1847.29296875,32768.0
393.313,110.068,99.0,1855.29296875,32768.0
393.682,113.019,99.0,1863.30078125,32768.0
394.084,116.042,99.0,1871.29296875,32768.0
394.481,118.068,99.0,1879.3046875,32768.0
394.876,119.03,100.0,1887.296875,32768.0
395.28,120.04,99.0,1895.2890625,32768.0
395.685,121.061,99.0,1907.27734375,32768.0
396.092,122.096,99.0,1915.26171875,32768.0
396.497,123.029,99.0,1923.265625,32768.0
396.895,123.057,99.0,1931.25390625,32768.0
397.289,123.028,99.0,1939.24609375,32768.0
397.703,123.051,99.0,1735.3046875,32768.0
398.093,124.034,99.0,1743.30078125,32768.0
398.503,124.063,99.0,1751.30859375,32768.0
398.903,123.027,99.0,1759.30078125,32768.0
399.272,122.006,99.0,1767.296875,32768.0
399.639,113.058,99.0,1771.30078125,32768.0
400.001,102.076,99.0,1779.296875,32768.0
400.367,93.099,100.0,1787.296875,32768.0
400.731,86.068,100.0,1795.29296875,32768.0
401.093,80.05,99.0,1803.29296875,32768.0
401.455,76.028,99.0,1811.30078125,32768.0
401.826,96.004,99.0,1819.296875,32768.0
402.366,107.093,99.0,1831.2890625,32768.0
402.739,109.095,99.0,1839.30078125,32768.0
403.14,121.006,99.0,1851.28515625,32768.0
403.641,120.046,99.0,1863.2578125,32768.0
404.153,125.03,99.0,1871.2421875,32768.0
404.546,120.032,99.0,1879.25390625,32768.0
404.944,125.046,99.0,1891.23828125,32768.0
405.406,124.052,99.0,1899.234375,32768.0
405.79,125.079,99.0,1907.25,32768.0
406.231,128.096,99.0,1915.24609375,32768.0
406.618,126.021,99.0,1967.23046875,32768.0
407.036,130.05,99.0,1979.20703125,32768.0
407.451,123.056,99.0,1983.19921875,32768.0
407.855,127.0,99.0,1995.1953125,32768.0
408.294,124.005,99.0,2003.1875,32768.0
408.685,123.075,99.0,2011.1953125,32768.0
409.092,123.098,99.0,2009.171875,32768.0
409.494,125.035,99.0,2017.1796875,32768.0
409.898,124.061,100.0,2029.1640625,32768.0
410.296,124.056,100.0,2037.1640625,32768.0
410.692,122.084,100.0,2049.15234375,32768.0
411.092,124.008,99.0,2057.13671875,32768.0
411.484,124.092,99.0,2054.56640625,32768.0
411.859,124.054,99.0,2062.5546875,32768.0
412.258,121.09,99.0,2055.16015625,32768.0
412.663,122.058,99.0,1687.2265625,32768.0
413.063,123.001,99.0,1699.22265625,32768.0
413.448,122.0,100.0,1703.25390625,32768.0
413.816,119.018,100.0,1715.26171875,32768.0
414.187,112.088,100.0,1723.25390625,32768.0
414.556,107.008,100.0,1731.265625,32768.0
414.924,100.025,100.0,1743.25390625,32768.0
415.288,91.091,99.0,1751.25390625,32768.0
415.673,85.033,99.0,1819.21875,32768.0
416.053,100.0,99.0,1827.2109375,32768.0
416.452,108.036,99.0,1839.2109375,32768.0
416.854,115.081,99.0,1851.21484375,32768.0
417.253,120.094,99.0,1855.1953125,32768.0
417.648,125.024,99.0,1867.1796875,32768.0
418.044,127.05,99.0,1865.19140625,32768.0
418.432,124.061,99.0,1877.1796875,32768.0
418.796,119.014,99.0,1881.1796875,32768.0
419.157,112.095,99.0,1889.17578125,32768.0
419.547,120.002,99.0,1899.1796875,32768.0
419.953,124.0,99.0,1915.1796875,32768.0
420.346,126.001,99.0,1923.1796875,32768.0
420.75,127.034,99.0,1931.1875,32768.0
421.151,127.095,99.0,1943.1796875,32768.0
421.547,126.09,100.0,1951.19140625,32768.0
421.925,121.039,99.0,1948.63671875,32768.0
422.293,113.056,99.0,1954.6328125,32768.0
422.659,105.026,99.0,1966.63671875,32768.0
423.026,114.053,99.0,1974.6328125,32768.0
423.404,118.048,99.0,1986.6328125,32768.0
423.791,121.02,99.0,1994.64453125,32768.0
424.185,121.072,99.0,2006.6328125,32768.0
424.574,121.044,99.0,2014.609375,32768.0
424.965,121.077,99.0,2022.6171875,32768.0
425.338,119.039,99.0,2030.6171875,32768.0
425.709,114.074,99.0,2042.62109375,32768.0
426.071,111.092,100.0,2054.6171875,32768.0
426.468,116.06,99.0,2062.609375,32768.0
426.86,119.075,99.0,2070.59375,32768.0
427.261,122.069,99.0,2082.57421875,32768.0
427.669,124.033,99.0,1574.65625,32768.0
428.068,125.073,99.0,1586.64453125,32768.0
428.477,124.089,99.0,1594.64453125,32768.0
428.881,124.075,99.0,1610.64453125,32768.0
429.299,124.009,99.0,1618.640625,32768.0
429.709,123.055,99.0,1626.64453125,32768.0
430.11,123.016,99.0,1638.63671875,32768.0
430.503,123.06,99.0,1650.625,32768.0
430.9,123.04,99.0,1658.6328125,32768.0
431.303,124.015,99.0,1670.6328125,32768.0
431.677,123.043,99.0,1678.6328125,32768.0
432.042,117.079,100.0,1690.6328125,32768.0
432.408,108.071,100.0,1698.6328125,32768.0
432.774,97.007,100.0,1706.625,32768.0
433.136,88.026,100.0,1718.6328125,32768.0
433.497,81.035,99.0,1726.640625,32768.0
433.874,76.002,100.0,1711.2578125,32768.0
434.248,97.062,99.0,1723.22265625,32768.0
434.672,113.014,99.0,1735.21484375,32768.0
435.055,118.097,99.0,1747.22265625,32768.0
435.532,126.01,99.0,1755.22265625,32768.0
435.913,126.088,99.0,1767.21875,32768.0
436.329,131.043,99.0,1779.21875,32768.0
436.734,126.098,99.0,1787.21875,32768.0
437.135,130.049,99.0,1799.2109375,32768.0
437.577,125.032,99.0,1807.19921875,32768.0
437.947,128.075,99.0,1819.21875,32768.0
438.456,128.018,99.0,1831.21875,32768.0
438.82,131.083,99.0,1843.21484375,32768.0
439.244,131.09,99.0,1851.2109375,32768.0
439.602,122.075,99.0,1863.21484375,32768.0
440.048,128.057,99.0,1875.20703125,32768.0
440.434,125.024,99.0,1883.20703125,32768.0
440.794,125.06,100.0,1895.20703125,32768.0
441.194,126.057,100.0,1907.20703125,32768.0
441.599,128.021,100.0,1915.2109375,32768.0
442.013,127.045,100.0,1927.20703125,32768.0
442.41,127.051,100.0,1783.20703125,32768.0
442.809,127.097,100.0,1635.27734375,32768.0
443.206,127.071,100.0,1643.2734375,32768.0
443.603,127.099,100.0,1655.28125,32768.0
444.007,128.019,99.0,1667.265625,32768.0
444.403,127.059,100.0,1675.26171875,32768.0
444.801,127.047,100.0,1687.265625,32768.0
445.199,127.079,100.0,1699.26171875,32768.0
445.572,125.073,99.0,1707.24609375,32768.0
445.94,122.044,99.0,1715.2578125,32768.0
446.304,119.045,99.0,1727.24609375,32768.0
446.671,110.067,99.0,1735.26171875,32768.0
447.039,100.001,100.0,1749.25,32768.0
447.406,101.081,99.0,1757.25,32768.0
447.809,112.065,99.0,1769.25,32768.0
448.203,116.071,99.0,1781.2421875,32768.0
448.605,119.039,99.0,1785.27734375,32768.0
449.007,120.057,99.0,1793.28515625,32768.0
449.405,121.021,99.0,1805.28125,32768.0
449.806,120.076,99.0,1817.28515625,32768.0
450.17,117.055,99.0,1821.27734375,32768.0
450.532,110.015,99.0,1829.28515625,32768.0
450.895,111.071,100.0,1837.28125,32768.0
451.267,117.059,99.0,1845.27734375,32768.0
451.664,120.055,99.0,1857.28125,32768.0
452.061,123.014,99.0,1865.2734375,32768.0
452.456,125.073,99.0,1873.26171875,32768.0
452.871,127.015,99.0,1885.24609375,32768.0
453.269,125.043,99.0,1893.2421875,32768.0
453.651,121.054,99.0,1901.25390625,32768.0
454.021,111.051,100.0,1909.2421875,32768.0
454.398,104.076,99.0,1921.2421875,32768.0
454.769,115.03,99.0,1929.24609375,32768.0
455.156,119.07,99.0,1937.24609375,32768.0
455.56,122.054,99.0,1949.2578125,32768.0
455.956,124.0,99.0,1961.24609375,32768.0
456.357,125.077,99.0,1967.24609375,32768.0
456.759,126.054,99.0,1975.25390625,32768.0
457.124,122.078,99.0,1991.20703125,32768.0
457.491,117.067,99.0,1687.27734375,32768.0
457.863,108.08,99.0,1699.27734375,32768.0
458.243,114.05,99.0,1711.265625,32768.0
458.649,117.091,99.0,1719.28125,32768.0
459.059,119.075,100.0,1731.265625,32768.0
459.463,120.086,100.0,1739.2734375,32768.0
459.854,121.062,100.0,1751.265625,32768.0
460.259,121.094,100.0,1763.26171875,32768.0
460.665,123.016,99.0,1771.26171875,32768.0
461.058,123.04,99.0,1783.2578125,32768.0
461.455,123.015,99.0,1791.2578125,32768.0
461.859,123.067,99.0,1803.26171875,32768.0
462.257,123.099,99.0,1815.26171875,32768.0
462.658,124.027,99.0,1827.24609375,32768.0
463.058,124.039,99.0,1835.25,32768.0
463.463,123.028,99.0,1847.25390625,32768.0
463.832,117.069,99.0,1855.25390625,32768.0
464.192,108.006,99.0,1867.24609375,32768.0
464.557,96.039,99.0,1875.25,32768.0
464.914,86.027,99.0,1883.24609375,32768.0
465.276,78.026,100.0,1891.24609375,32768.0
